year,month,day,day_of_week,temperature,rain,solar,snow,wind,wind_dir,pressure,humidity,cloud
2018,1,1,monday,6.2,0,11.59,0,2.7,NNW,1009.7,55,1.0
2018,1,2,tuesday,6.1,0,11.89,0,3.2,NW,1011.2,42,0.3
2018,1,3,wednesday,4.9,0,11.77,0,5.2,NW,1010.3,43,0.8
2018,1,4,thursday,4.7,0,11.99,0,2.8,NNW,1015.0,41,0.8
2018,1,5,friday,3.7,0.0,4.07,0,1.8,N,1012.3,60,10.0
2018,1,6,saturday,4.6,0,11.54,0,1.9,NW,1008.4,57,1.5
2018,1,7,sunday,6.3,0,11.88,0,2.8,NW,1016.8,41,6.3
2018,1,8,monday,5.5,8.0,3.52,0,1.9,NNW,1011.8,71,10.0
2018,1,9,tuesday,8.5,1.5,8.34,0,2.7,S,993.4,65,5.8
2018,1,10,wednesday,7.5,0,12.24,0,4.7,SSW,1003.9,41,0.0
2018,1,11,thursday,5.3,0,12.27,0,2.4,NW,1008.9,38,0.8
2018,1,12,friday,2.7,0,12.36,0,2.0,NW,1016.4,36,3.5
2018,1,13,saturday,2.7,0,12.35,0,2.3,NNW,1019.3,51,0.5
2018,1,14,sunday,4.1,0,12.90,0,3.1,NW,1025.3,43,0.0
2018,1,15,monday,4.2,0,11.53,0,2.0,NNW,1020.4,53,1.5
2018,1,16,tuesday,7.1,0,12.06,0,1.6,WNW,1016.6,56,3.8
2018,1,17,wednesday,6.9,15.0,2.72,0,2.1,NNW,1009.9,81,9.8
2018,1,18,thursday,8.3,0.0,8.78,0,1.9,S,1010.0,86,5.5
2018,1,19,friday,8.4,0,8.64,0,2.7,NNW,1015.5,54,8.0
2018,1,20,saturday,6.3,0.0,6.97,0,1.6,NNW,1014.5,70,6.5
2018,1,21,sunday,7.0,0,12.19,0,2.1,N,1013.4,60,3.8
2018,1,22,monday,1.7,24.0,0.92,23,3.0,NNW,1013.2,83,10.0
2018,1,23,tuesday,3.7,0.0,13.07,0,2.8,SSW,1002.7,69,3.0
2018,1,24,wednesday,2.2,0,13.32,0,3.3,SW,1003.2,46,2.8
2018,1,25,thursday,0.0,0,14.20,0,2.9,NW,1007.1,39,0.3
2018,1,26,friday,0.5,0,12.66,0,3.8,NW,1004.6,39,2.5
2018,1,27,saturday,2.6,0,14.31,0,4.3,NW,1012.2,33,0.0
2018,1,28,sunday,1.7,0.0,4.72,0,1.9,NNE,1012.7,52,5.0
2018,1,29,monday,3.7,0.0,11.99,0,2.1,NW,1003.9,66,7.8
2018,1,30,tuesday,3.3,0.0,9.05,0,2.2,NNW,1012.4,52,5.0
2018,1,31,wednesday,3.9,0,13.04,0,2.0,NNW,1018.5,53,5.5
2018,2,1,thursday,3.0,9.0,4.09,0,2.3,NNE,1021.8,79,9.8
2018,2,2,friday,1.9,6.0,2.95,1,2.4,NNW,1021.4,94,10.0
2018,2,3,saturday,4.5,0.0,9.54,0,1.9,NNW,1012.7,76,8.5
2018,2,4,sunday,5.4,0.0,10.96,0,2.3,NNW,1006.5,54,5.3
2018,2,5,monday,4.3,0,13.66,0,3.0,NW,1007.4,48,3.3
2018,2,6,tuesday,3.3,0,15.47,0,2.1,NW,1008.0,44,2.8
2018,2,7,wednesday,3.4,0,15.89,0,2.1,NW,1010.4,34,0.0
2018,2,8,thursday,3.6,0,15.14,0,2.2,NNW,1016.6,43,2.0
2018,2,9,friday,4.2,0,14.78,0,1.9,S,1021.9,50,1.3
2018,2,10,saturday,7.0,1.5,11.75,0,2.7,SSW,1015.2,59,8.0
2018,2,11,sunday,8.5,0.0,9.65,0,2.6,NNW,1001.3,55,9.5
2018,2,12,monday,4.4,0,15.98,0,3.5,NW,1006.8,34,3.8
2018,2,13,tuesday,3.9,0,12.53,0,1.9,NW,1010.8,38,1.5
2018,2,14,wednesday,6.0,0,16.15,0,3.1,WNW,1013.9,44,2.5
2018,2,15,thursday,9.6,0,14.48,0,2.7,NNW,1008.5,51,8.3
2018,2,16,friday,6.3,0,13.24,0,3.1,NNW,1011.1,52,9.0
2018,2,17,saturday,5.8,0.0,12.29,0,3.3,NNW,1003.7,54,5.3
2018,2,18,sunday,3.5,0,17.52,0,3.8,NNW,1015.8,33,3.8
2018,2,19,monday,5.7,0,15.07,0,2.2,SSE,1016.2,45,7.0
2018,2,20,tuesday,7.5,0,16.42,0,2.5,NNW,1012.0,53,6.3
2018,2,21,wednesday,5.9,0,7.96,0,2.6,N,1012.8,52,10.0
2018,2,22,thursday,2.7,2.0,2.97,0,2.8,NE,1018.1,91,10.0
2018,2,23,friday,3.7,0.5,7.54,0,2.0,NNW,1017.5,90,6.0
2018,2,24,saturday,7.4,0,15.84,0,2.5,NNW,1019.0,55,1.0
2018,2,25,sunday,5.6,0.0,6.45,0,2.3,NE,1021.8,57,8.5
2018,2,26,monday,6.0,0,13.43,0,2.7,ENE,1019.2,62,6.0
2018,2,27,tuesday,7.7,0,15.75,0,2.4,SE,1019.2,63,4.3
2018,2,28,wednesday,9.1,1.0,12.63,0,2.5,NW,1017.2,64,7.5
2018,3,1,thursday,12.4,48.0,15.94,0,3.2,WNW,990.8,63,3.8
2018,3,2,friday,9.4,0,19.03,0,3.0,NW,1004.5,34,0.5
2018,3,3,saturday,9.7,0,17.26,0,2.1,SSE,1014.8,50,5.0
2018,3,4,sunday,13.9,0,17.70,0,3.7,S,1015.2,63,0.0
2018,3,5,monday,15.6,15.5,4.22,0,4.9,S,1006.7,87,10.0
2018,3,6,tuesday,8.3,3.0,16.25,0,3.5,NE,1019.1,66,6.0
2018,3,7,wednesday,5.2,0.0,8.71,0,2.8,NE,1031.1,56,8.3
2018,3,8,thursday,5.9,26.0,1.78,0,2.9,NNW,1019.8,92,10.0
2018,3,9,friday,11.6,58.0,1.90,0,3.6,NNW,1003.8,85,10.0
2018,3,10,saturday,7.3,1.5,13.00,0,2.8,NNW,1014.9,67,5.8
2018,3,11,sunday,9.2,0.0,13.54,0,2.2,N,1016.3,64,7.0
2018,3,12,monday,9.9,0,21.02,0,3.4,NW,1018.2,50,0.3
2018,3,13,tuesday,11.6,0,19.25,0,2.6,S,1018.6,61,2.0
2018,3,14,wednesday,14.3,0,19.99,0,2.0,SSE,1017.0,64,0.0
2018,3,15,thursday,15.9,0,15.27,0,4.1,SSW,1013.9,65,6.8
2018,3,16,friday,13.2,4.0,2.90,0,4.5,SSW,1009.7,79,10.0
2018,3,17,saturday,7.4,0,22.13,0,3.2,SE,1023.3,52,1.0
2018,3,18,sunday,11.3,0,12.22,0,2.9,S,1021.4,60,9.5
2018,3,19,monday,13.0,0.5,7.60,0,2.1,NW,1013.3,70,9.5
2018,3,20,tuesday,8.4,10.0,4.62,0,3.7,NE,1016.1,85,10.0
2018,3,21,wednesday,3.8,31.0,1.85,0,3.1,NNW,1015.4,88,10.0
2018,3,22,thursday,9.5,20.0,7.71,0,2.8,WNW,995.3,88,8.8
2018,3,23,friday,11.9,2.5,14.81,0,2.6,NNW,1008.8,62,9.3
2018,3,24,saturday,11.3,0.0,19.24,0,2.7,SE,1015.7,76,9.0
2018,3,25,sunday,13.0,0,22.65,0,2.7,S,1017.1,62,2.3
2018,3,26,monday,14.1,0,19.15,0,2.2,NW,1016.6,62,5.8
2018,3,27,tuesday,15.7,0,18.64,0,2.0,NNW,1015.5,65,8.0
2018,3,28,wednesday,17.2,0,21.05,0,2.5,SSE,1013.5,65,1.0
2018,3,29,thursday,18.1,0,21.58,0,2.4,NW,1011.3,60,1.5
2018,3,30,friday,13.8,0,23.10,0,4.0,SE,1018.1,36,2.0
2018,3,31,saturday,13.4,0,22.74,0,3.2,S,1019.8,51,0.3
2018,4,1,sunday,16.0,0,20.96,0,3.7,S,1014.4,65,5.0
2018,4,2,monday,17.9,0,19.87,0,2.6,SE,1013.9,70,3.0
2018,4,3,tuesday,17.9,0,19.73,0,2.3,SSE,1014.4,75,6.3
2018,4,4,wednesday,20.1,0,21.79,0,3.3,NNW,1009.1,68,0.5
2018,4,5,thursday,13.3,0.0,8.43,0,3.3,SE,1016.5,71,10.0
2018,4,6,friday,18.1,1.0,13.85,0,5.3,S,1004.2,82,10.0
2018,4,7,saturday,16.2,0.0,9.12,0,4.1,NNW,995.6,62,9.5
2018,4,8,sunday,11.9,0.0,20.22,0,2.0,N,1008.5,43,2.5
2018,4,9,monday,13.7,0,24.22,0,3.7,NW,1012.3,42,2.5
2018,4,10,tuesday,13.6,0,24.67,0,3.3,SE,1018.7,52,2.3
2018,4,11,wednesday,17.6,0.0,16.72,0,6.5,S,1009.5,65,9.5
2018,4,12,thursday,19.1,0,20.32,0,2.4,NNW,1006.4,58,9.8
2018,4,13,friday,15.5,0,25.23,0,3.9,NW,1017.2,34,0.5
2018,4,14,saturday,15.2,0.0,8.82,0,4.0,S,1015.5,67,9.5
2018,4,15,sunday,17.9,19.0,6.33,0,4.8,SSW,997.1,75,10.0
2018,4,16,monday,14.7,0,17.27,0,3.7,NNW,1012.7,48,10.0
2018,4,17,tuesday,12.7,2.5,4.42,0,2.3,NNW,1021.3,81,10.0
2018,4,18,wednesday,12.7,28.0,6.57,0,2.3,N,1013.4,94,7.8
2018,4,19,thursday,16.2,0,22.94,0,3.3,S,1013.5,77,2.0
2018,4,20,friday,18.7,0,25.15,0,3.0,NW,1014.8,61,2.5
2018,4,21,saturday,18.9,0,25.80,0,2.8,S,1016.8,65,0.0
2018,4,22,sunday,20.5,0,25.50,0,2.1,SSE,1014.4,67,1.5
2018,4,23,monday,16.5,0.0,6.17,0,3.0,E,1017.7,80,9.3
2018,4,24,tuesday,18.0,1.5,6.79,0,3.3,S,1010.9,84,10.0
2018,4,25,wednesday,19.0,57.0,8.52,0,3.5,S,998.6,95,10.0
2018,4,26,thursday,18.9,0.0,25.95,0,3.9,NNW,1006.9,55,7.8
2018,4,27,friday,18.5,0,13.57,0,2.9,S,1006.9,70,9.5
2018,4,28,saturday,20.1,0,27.31,0,4.4,S,1009.8,51,0.0
2018,4,29,sunday,20.1,0,26.17,0,4.4,S,1014.1,66,0.0
2018,4,30,monday,20.8,0,22.81,0,4.5,S,1012.9,65,6.3
2018,5,1,tuesday,22.3,0,25.73,0,2.9,SSE,1012.6,59,4.8
2018,5,2,wednesday,20.4,3.5,14.70,0,3.2,S,1009.7,79,10.0
2018,5,3,thursday,21.9,14.0,12.59,0,6.2,S,996.7,77,10.0
2018,5,4,friday,18.0,0.0,27.13,0,3.8,NE,1004.5,55,3.5
2018,5,5,saturday,18.3,0,27.54,0,3.3,S,1011.4,53,1.8
2018,5,6,sunday,21.0,0.0,24.88,0,4.5,S,1009.5,55,9.8
2018,5,7,monday,17.9,21.0,7.91,0,4.3,SSW,1004.0,83,10.0
2018,5,8,tuesday,12.9,10.5,2.45,0,3.1,NNE,1010.6,92,10.0
2018,5,9,wednesday,12.1,35.0,6.61,0,2.9,N,1013.0,90,10.0
2018,5,10,thursday,12.1,9.0,9.88,0,1.8,NNW,1015.1,84,6.3
2018,5,11,friday,16.4,0,26.73,0,3.7,S,1015.4,64,7.3
2018,5,12,saturday,18.8,0,22.85,0,2.8,SSE,1012.8,73,6.5
2018,5,13,sunday,17.9,49.0,6.62,0,3.4,SSW,1007.2,85,10.0
2018,5,14,monday,21.1,0.0,27.55,0,2.9,NNE,1003.3,55,3.0
2018,5,15,tuesday,22.3,0,27.43,0,3.6,S,1009.2,57,2.0
2018,5,16,wednesday,23.5,0,26.06,0,4.3,SSW,1008.2,59,5.8
2018,5,17,thursday,24.0,0.0,19.55,0,3.7,S,1003.9,71,9.0
2018,5,18,friday,23.4,0,24.21,0,3.0,SSE,1002.4,82,7.8
2018,5,19,saturday,21.5,0.0,13.61,0,3.9,S,1000.4,70,7.5
2018,5,20,sunday,16.8,0,27.97,0,3.5,NE,1015.3,51,4.3
2018,5,21,monday,20.3,0,26.79,0,2.4,S,1017.0,48,10.0
2018,5,22,tuesday,21.0,0,28.67,0,3.1,SSE,1015.6,55,0.3
2018,5,23,wednesday,18.6,9.0,9.07,0,2.3,SE,1007.4,85,10.0
2018,5,24,thursday,20.7,6.0,21.03,0,2.8,S,1001.6,82,6.0
2018,5,25,friday,22.8,0,21.71,0,3.7,S,1003.8,72,8.3
2018,5,26,saturday,21.4,0,16.12,0,2.7,ENE,1006.6,63,9.8
2018,5,27,sunday,21.3,0,26.61,0,2.9,ENE,1008.1,72,3.3
2018,5,28,monday,21.6,0,10.12,0,2.5,S,1010.4,76,10.0
2018,5,29,tuesday,23.0,0,18.24,0,3.2,S,1012.2,73,10.0
2018,5,30,wednesday,21.1,8.5,9.72,0,2.6,S,1010.7,86,10.0
2018,5,31,thursday,19.5,0.0,8.09,0,2.4,SSW,1003.5,87,10.0
2018,6,1,friday,21.7,0.0,25.58,0,3.4,NNW,1007.5,57,8.0
2018,6,2,saturday,21.9,0,25.67,0,2.4,S,1013.0,65,3.8
2018,6,3,sunday,22.5,0,25.06,0,2.8,SSE,1013.9,68,4.3
2018,6,4,monday,23.5,0,29.70,0,2.8,SSE,1012.8,64,3.0
2018,6,5,tuesday,23.2,0.0,18.92,0,2.3,S,1011.8,69,7.5
2018,6,6,wednesday,20.3,12.5,6.08,0,1.7,SW,1010.3,92,10.0
2018,6,7,thursday,22.2,1.5,22.77,0,2.6,S,1010.3,81,7.8
2018,6,8,friday,23.7,1.0,21.33,0,4.0,S,1005.1,79,7.3
2018,6,9,saturday,25.7,0.0,23.16,0,2.7,SE,1001.2,74,8.8
2018,6,10,sunday,20.0,31.0,2.09,0,3.0,NE,1006.8,91,10.0
2018,6,11,monday,18.9,50.0,3.12,0,2.9,NNW,994.7,99,10.0
2018,6,12,tuesday,20.5,0.0,11.93,0,2.2,NNE,993.0,91,10.0
2018,6,13,wednesday,21.5,0,21.20,0,2.7,NE,1000.2,77,8.0
2018,6,14,thursday,20.6,0.0,15.02,0,3.4,ESE,1007.2,72,10.0
2018,6,15,friday,17.6,9.5,2.81,0,3.2,NNE,1006.7,93,10.0
2018,6,16,saturday,15.9,3.0,6.84,0,2.8,NNE,1010.4,86,10.0
2018,6,17,sunday,18.7,0.0,13.97,0,2.3,S,1013.2,77,10.0
2018,6,18,monday,19.4,2.0,4.16,0,1.9,NW,1009.5,93,10.0
2018,6,19,tuesday,22.7,0.0,23.38,0,3.0,NNW,1006.4,77,9.8
2018,6,20,wednesday,20.8,24.5,3.72,0,2.7,SE,1001.5,98,10.0
2018,6,21,thursday,21.2,2.0,8.08,0,2.0,SSE,999.4,95,9.5
2018,6,22,friday,23.1,0,22.93,0,2.7,SSE,1004.6,79,7.3
2018,6,23,saturday,20.6,16.0,4.81,0,1.7,NE,1003.8,95,10.0
2018,6,24,sunday,21.3,2.5,13.81,0,2.1,S,1002.5,91,10.0
2018,6,25,monday,26.2,0,27.67,0,2.4,SSE,1008.3,71,2.8
2018,6,26,tuesday,25.7,0,25.44,0,3.6,SE,1011.0,75,7.5
2018,6,27,wednesday,27.7,0.0,23.27,0,7.0,SSW,1003.1,71,9.0
2018,6,28,thursday,27.4,0.0,17.49,0,6.0,SSW,1003.1,77,8.0
2018,6,29,friday,28.2,0,28.39,0,6.9,S,1008.3,73,4.0
2018,6,30,saturday,28.6,0,28.51,0,5.8,S,1014.0,74,6.0
2018,7,1,sunday,28.1,0,28.19,0,5.1,S,1015.4,75,1.5
2018,7,2,monday,28.8,0,29.11,0,3.7,S,1011.3,70,0.0
2018,7,3,tuesday,28.4,0,26.29,0,5.0,S,1006.0,69,7.8
2018,7,4,wednesday,27.6,0.0,15.68,0,6.6,S,1001.6,75,10.0
2018,7,5,thursday,26.7,2.0,6.96,0,6.9,S,1001.9,79,10.0
2018,7,6,friday,21.7,28.5,2.93,0,3.1,ENE,1007.7,99,10.0
2018,7,7,saturday,25.0,0.0,16.16,0,3.8,S,1009.9,86,10.0
2018,7,8,sunday,27.4,0,21.06,0,3.9,S,1012.9,79,10.0
2018,7,9,monday,27.3,3.5,18.22,0,3.2,SSE,1015.9,86,7.8
2018,7,10,tuesday,28.5,0,27.49,0,3.7,SSE,1015.0,78,6.0
2018,7,11,wednesday,29.0,0.0,18.38,0,2.1,S,1011.6,75,10.0
2018,7,12,thursday,26.6,3.5,14.83,0,2.6,NE,1010.2,83,10.0
2018,7,13,friday,29.1,0,22.77,0,2.7,S,1006.8,75,8.5
2018,7,14,saturday,30.1,0,22.12,0,2.8,SE,1007.6,70,7.0
2018,7,15,sunday,29.7,0,26.36,0,3.2,SSE,1009.0,78,3.0
2018,7,16,monday,29.9,0,24.03,0,3.0,SSE,1008.7,78,9.8
2018,7,17,tuesday,29.9,0,24.60,0,3.4,SSE,1008.0,78,10.0
2018,7,18,wednesday,30.5,0,24.65,0,3.0,SSE,1007.2,75,5.3
2018,7,19,thursday,29.9,0,26.92,0,3.6,SSE,1007.6,78,7.3
2018,7,20,friday,29.9,0,26.63,0,4.4,S,1008.3,75,3.5
2018,7,21,saturday,30.5,0,25.65,0,3.2,S,1007.7,72,6.5
2018,7,22,sunday,31.0,0,21.38,0,2.4,SSE,1005.5,73,8.3
2018,7,23,monday,32.2,0,21.30,0,2.9,SE,1002.7,59,7.5
2018,7,24,tuesday,29.8,2.5,21.64,0,2.8,SSE,1003.7,76,6.3
2018,7,25,wednesday,28.1,0.0,12.89,0,3.0,SE,1006.3,81,10.0
2018,7,26,thursday,26.5,0.0,14.88,0,2.9,ENE,1007.1,68,9.8
2018,7,27,friday,25.4,0.0,14.22,0,3.1,NE,1006.3,69,9.5
2018,7,28,saturday,24.0,52.0,5.51,0,4.2,NNW,1000.1,96,10.0
2018,7,29,sunday,27.9,15.0,19.45,0,3.6,SE,1002.8,85,9.0
2018,7,30,monday,28.0,0.0,13.72,0,2.6,ESE,1006.1,82,8.8
2018,7,31,tuesday,28.4,0,19.07,0,2.6,SSE,1003.6,79,4.5
2018,8,1,wednesday,30.3,0,25.64,0,2.6,SSE,1000.6,73,1.8
2018,8,2,thursday,31.2,0.0,21.90,0,2.5,SSE,1002.0,70,6.5
2018,8,3,friday,30.5,0.0,16.98,0,2.6,ESE,1003.3,74,6.0
2018,8,4,saturday,29.8,0,24.34,0,2.8,SSE,1004.3,72,7.3
2018,8,5,sunday,30.4,0,24.09,0,3.3,SSE,1001.6,77,4.5
2018,8,6,monday,28.7,0.0,18.89,0,3.0,ENE,1001.5,80,10.0
2018,8,7,tuesday,22.2,4.5,3.55,0,3.3,NNW,1005.2,93,10.0
2018,8,8,wednesday,23.6,41.0,5.41,0,3.9,NNW,997.6,95,10.0
2018,8,9,thursday,27.4,4.0,8.98,0,5.0,S,994.2,85,8.3
2018,8,10,friday,29.8,0,23.20,0,3.8,S,998.8,76,5.8
2018,8,11,saturday,28.7,0.5,17.27,0,2.3,SSE,1001.8,85,9.5
2018,8,12,sunday,27.7,0.0,9.54,0,2.2,SSE,1007.2,85,10.0
2018,8,13,monday,27.5,10.5,14.34,0,2.0,WNW,1008.8,91,10.0
2018,8,14,tuesday,28.8,0,23.67,0,3.8,S,1010.2,79,6.0
2018,8,15,wednesday,29.7,0,23.71,0,5.8,S,1010.1,72,9.5
2018,8,16,thursday,29.1,0.0,18.08,0,5.9,SSW,1003.4,72,9.0
2018,8,17,friday,26.3,0.0,25.81,0,5.5,NW,1004.9,44,4.0
2018,8,18,saturday,22.7,0,24.95,0,2.9,SSE,1010.4,57,7.8
2018,8,19,sunday,23.6,0,21.69,0,2.5,SSE,1012.0,66,7.8
2018,8,20,monday,24.7,0.0,11.02,0,1.7,NNW,1010.8,74,10.0
2018,8,21,tuesday,28.2,0.0,21.55,0,3.5,S,1009.5,80,6.0
2018,8,22,wednesday,29.7,0.0,24.87,0,4.9,S,1010.9,75,2.8
2018,8,23,thursday,29.4,0.0,18.11,0,4.8,SSE,1011.4,78,8.5
2018,8,24,friday,28.2,7.5,11.57,0,7.4,S,1007.1,84,10.0
2018,8,25,saturday,31.1,0,24.52,0,4.3,SSW,1006.7,70,5.5
2018,8,26,sunday,31.0,0,23.77,0,2.1,S,1007.5,72,3.5
2018,8,27,monday,29.4,16.0,22.60,0,2.9,SSE,1008.9,74,4.5
2018,8,28,tuesday,26.6,1.0,12.91,0,2.3,NNE,1009.4,84,10.0
2018,8,29,wednesday,26.1,0.5,5.97,0,2.4,SE,1010.1,86,10.0
2018,8,30,thursday,28.8,0.0,19.10,0,2.9,S,1008.2,77,9.3
2018,8,31,friday,28.7,1.0,21.18,0,2.5,S,1005.3,77,9.3
2018,9,1,saturday,25.9,6.0,9.61,0,2.5,ENE,1006.0,86,8.5
2018,9,2,sunday,22.1,7.5,4.26,0,2.0,N,1010.9,95,10.0
2018,9,3,monday,23.6,4.0,6.02,0,1.8,NNE,1008.8,95,10.0
2018,9,4,tuesday,26.5,14.5,4.89,0,5.9,S,1001.4,90,10.0
2018,9,5,wednesday,27.6,8.5,20.45,0,6.6,SSW,999.1,75,6.5
2018,9,6,thursday,27.6,0,16.31,0,3.7,SSW,1004.6,67,8.8
2018,9,7,friday,27.5,0.0,9.72,0,5.4,SSW,1006.3,75,9.3
2018,9,8,saturday,28.8,0.0,21.32,0,5.3,S,1008.6,74,8.3
2018,9,9,sunday,28.3,0,18.90,0,4.9,S,1011.6,76,8.3
2018,9,10,monday,25.5,38.5,13.69,0,3.6,S,1010.7,89,10.0
2018,9,11,tuesday,21.4,4.0,7.59,0,3.7,NE,1017.3,81,10.0
2018,9,12,wednesday,21.0,0.0,12.30,0,2.9,NE,1020.4,70,9.5
2018,9,13,thursday,22.4,0.0,14.51,0,2.1,NNW,1017.8,78,10.0
2018,9,14,friday,21.9,7.5,7.29,0,2.0,S,1016.3,93,10.0
2018,9,15,saturday,20.5,14.5,4.15,0,1.5,ENE,1012.9,100,10.0
2018,9,16,sunday,23.1,0.0,14.44,0,1.8,SSE,1010.2,89,8.8
2018,9,17,monday,24.7,26.0,15.91,0,2.3,SSE,1008.6,86,9.5
2018,9,18,tuesday,23.3,40.5,18.31,0,2.7,SE,1011.2,88,7.8
2018,9,19,wednesday,22.2,0.0,19.51,0,2.8,NNE,1011.7,72,7.3
2018,9,20,thursday,19.9,40.5,4.98,0,2.1,NNW,1012.5,85,10.0
2018,9,21,friday,17.7,36.0,2.27,0,3.5,NNW,1010.2,100,10.0
2018,9,22,saturday,21.5,0.0,8.47,0,1.2,NW,1007.0,95,8.5
2018,9,23,sunday,24.5,0.0,15.45,0,2.3,SE,1013.3,77,9.3
2018,9,24,monday,24.4,1.5,11.64,0,2.0,ENE,1012.3,84,9.8
2018,9,25,tuesday,21.3,14.5,3.21,0,2.5,NE,1011.9,95,10.0
2018,9,26,wednesday,17.7,38.5,3.59,0,2.5,NNW,1014.6,96,10.0
2018,9,27,thursday,15.9,19.0,3.54,0,2.9,NNW,1010.8,99,10.0
2018,9,28,friday,19.7,0,20.77,0,2.1,SSE,1014.2,77,1.5
2018,9,29,saturday,18.8,9.5,4.69,0,2.1,NNW,1016.8,95,10.0
2018,9,30,sunday,20.4,34.0,5.96,0,3.5,SSE,1002.2,97,10.0
2018,10,1,monday,26.1,18.0,19.84,0,6.1,SSW,991.5,62,6.5
2018,10,2,tuesday,22.0,0,19.29,0,2.9,SSE,1009.7,56,3.3
2018,10,3,wednesday,21.0,0,7.60,0,2.3,NNW,1017.2,77,8.3
2018,10,4,thursday,20.1,0.0,5.39,0,2.4,NNE,1023.3,78,10.0
2018,10,5,friday,18.7,9.5,2.80,0,2.4,NNW,1022.9,95,10.0
2018,10,6,saturday,23.7,0,16.08,0,3.4,S,1012.5,89,7.3
2018,10,7,sunday,27.5,0,18.48,0,4.4,SSW,1005.2,65,2.8
2018,10,8,monday,21.9,0.0,5.56,0,2.7,ENE,1011.8,73,9.0
2018,10,9,tuesday,21.9,0,12.19,0,2.2,N,1012.8,76,5.8
2018,10,10,wednesday,22.4,0.5,13.63,0,2.4,E,1012.8,79,9.0
2018,10,11,thursday,21.7,1.0,4.01,0,2.0,NNW,1010.7,93,10.0
2018,10,12,friday,20.0,0.0,5.70,0,2.8,NNW,1014.0,77,10.0
2018,10,13,saturday,17.4,0.0,3.80,0,2.6,NNE,1020.6,65,10.0
2018,10,14,sunday,16.4,7.5,8.31,0,2.3,NW,1018.0,85,9.8
2018,10,15,monday,18.1,0.5,7.00,0,1.5,NNE,1015.8,81,10.0
2018,10,16,tuesday,18.4,0.0,9.62,0,2.1,NNW,1010.9,79,9.0
2018,10,17,wednesday,18.2,1.0,10.66,0,2.5,NNE,1008.6,77,9.5
2018,10,18,thursday,17.2,0,11.56,0,2.6,N,1013.6,73,5.8
2018,10,19,friday,16.6,0.5,7.06,0,2.5,NNW,1015.2,79,9.5
2018,10,20,saturday,16.6,9.0,13.82,0,2.8,NNW,1014.9,79,7.5
2018,10,21,sunday,16.6,0,17.23,0,2.6,NNW,1017.6,56,0.0
2018,10,22,monday,16.6,0,16.46,0,2.1,NNW,1020.6,63,3.5
2018,10,23,tuesday,14.6,1.5,4.56,0,2.7,NW,1019.1,85,10.0
2018,10,24,wednesday,17.7,0.5,11.36,0,2.2,N,1012.2,81,7.8
2018,10,25,thursday,18.1,0,16.03,0,2.3,NE,1015.4,62,2.0
2018,10,26,friday,18.0,0.0,9.68,0,2.3,SSE,1017.2,68,9.5
2018,10,27,saturday,19.1,12.0,8.74,0,2.1,SSW,1005.1,90,7.3
2018,10,28,sunday,16.9,0,9.09,0,2.2,NW,1006.3,73,5.0
2018,10,29,monday,17.0,0,15.36,0,2.4,SSE,1006.1,74,0.0
2018,10,30,tuesday,17.0,0,14.88,0,2.3,NW,1007.9,62,1.5
2018,10,31,wednesday,15.0,0,11.26,0,2.6,NW,1010.8,50,8.8
2018,11,1,thursday,14.7,0,14.76,0,3.1,NW,1016.0,47,4.3
2018,11,2,friday,14.5,0,15.26,0,2.2,NNW,1021.8,58,2.0
2018,11,3,saturday,14.9,0,13.62,0,2.1,NNW,1022.3,70,3.5
2018,11,4,sunday,14.8,0.0,4.09,0,2.0,NW,1019.7,81,9.8
2018,11,5,monday,18.0,1.5,8.50,0,1.8,NW,1018.6,88,9.3
2018,11,6,tuesday,17.6,35.5,3.41,0,1.9,NNW,1017.7,97,10.0
2018,11,7,wednesday,16.6,0.0,10.44,0,2.8,NNE,1020.2,74,7.5
2018,11,8,thursday,16.9,0.0,10.57,0,2.7,NNW,1021.2,73,7.0
2018,11,9,friday,15.6,7.0,2.23,0,1.8,NW,1016.9,100,10.0
2018,11,10,saturday,18.1,1.5,12.52,0,2.2,NW,1014.4,84,6.3
2018,11,11,sunday,16.3,0,12.01,0,2.0,SSE,1017.0,62,5.0
2018,11,12,monday,15.7,0.5,6.20,0,1.8,NW,1011.5,79,10.0
2018,11,13,tuesday,14.9,1.5,3.23,0,2.7,NNE,1010.2,83,10.0
2018,11,14,wednesday,13.6,0.0,12.32,0,2.7,N,1013.1,60,4.3
2018,11,15,thursday,12.5,0,13.68,0,2.1,NNW,1019.4,60,0.0
2018,11,16,friday,13.0,0,11.09,0,1.9,NW,1018.8,71,7.0
2018,11,17,saturday,14.9,0,12.71,0,2.1,NNE,1013.6,62,6.5
2018,11,18,sunday,13.8,0.0,8.29,0,2.1,NE,1015.6,70,10.0
2018,11,19,monday,13.4,8.5,4.31,0,1.9,N,1011.1,85,10.0
2018,11,20,tuesday,11.3,1.0,10.12,0,2.1,NE,1016.2,70,7.3
2018,11,21,wednesday,11.6,1.5,11.25,0,1.6,NW,1018.4,70,5.3
2018,11,22,thursday,10.7,4.0,2.98,0,2.0,NNW,1008.6,81,7.5
2018,11,23,friday,10.8,0,12.47,0,2.3,NNW,1016.0,51,4.3
2018,11,24,saturday,9.4,0,6.66,0,2.0,NNE,1022.5,60,8.0
2018,11,25,sunday,10.1,0,11.80,0,2.0,NNW,1020.0,69,8.3
2018,11,26,monday,12.4,0,9.96,0,1.9,ENE,1020.3,70,9.8
2018,11,27,tuesday,13.8,0.0,9.17,0,1.9,NNW,1017.8,76,5.5
2018,11,28,wednesday,14.1,0.0,10.34,0,1.6,NNW,1013.6,74,5.0
2018,11,29,thursday,12.8,0.5,7.84,0,2.5,NE,1015.5,74,10.0
2018,11,30,friday,12.4,0,11.98,0,2.4,NNW,1018.4,56,2.8
2018,12,1,saturday,12.0,0,11.23,0,2.7,NNW,1017.8,57,5.3
2018,12,2,sunday,10.0,0.0,3.70,0,2.2,NNW,1026.7,58,10.0
2018,12,3,monday,13.2,0.0,6.13,0,1.5,NNW,1022.0,69,10.0
2018,12,4,tuesday,17.7,0.0,9.54,0,2.9,S,1011.2,76,9.3
2018,12,5,wednesday,16.8,0.0,4.16,0,3.1,NNW,1014.4,60,8.5
2018,12,6,thursday,10.1,18.0,1.66,0,2.4,NNW,1014.3,92,10.0
2018,12,7,friday,12.2,0,6.52,0,1.8,NW,1007.6,85,10.0
2018,12,8,saturday,9.3,0,7.57,0,2.3,NNW,1012.4,66,7.3
2018,12,9,sunday,7.8,0,7.96,0,3.1,NNW,1019.3,43,8.3
2018,12,10,monday,5.9,0,5.36,0,2.5,NNW,1025.3,52,6.3
2018,12,11,tuesday,4.7,7.0,2.97,0,2.4,NNW,1025.9,72,7.5
2018,12,12,wednesday,6.9,15.0,4.16,0,3.4,NNW,1011.1,83,9.0
2018,12,13,thursday,6.7,0.5,4.11,0,2.6,NNW,1016.8,62,6.8
2018,12,14,friday,6.3,0,11.05,0,4.0,NNW,1017.9,52,3.5
2018,12,15,saturday,6.1,0,11.76,0,3.3,NNW,1023.0,42,1.3
2018,12,16,sunday,3.3,0.0,4.45,0,1.7,NW,1020.0,66,7.0
2018,12,17,monday,6.6,2.5,7.22,0,1.6,NW,1004.2,84,6.0
2018,12,18,tuesday,8.9,0.0,11.00,0,2.9,NW,1008.4,61,2.5
2018,12,19,wednesday,8.2,0,9.83,0,2.0,NW,1012.4,58,0.5
2018,12,20,thursday,8.7,0,9.80,0,1.6,NE,1016.2,64,6.3
2018,12,21,friday,8.9,0.0,10.68,0,1.8,NNW,1021.2,62,3.3
2018,12,22,saturday,9.0,0.5,2.99,0,1.7,NNW,1016.2,76,9.3
2018,12,23,sunday,9.9,0.5,2.50,0,1.7,NW,1011.7,87,9.8
2018,12,24,monday,8.2,0,10.91,0,4.0,NNW,1013.2,48,2.3
2018,12,25,tuesday,5.8,0,10.35,0,1.8,NNW,1018.5,52,7.3
2018,12,26,wednesday,7.3,0,6.86,0,1.6,NNW,1011.5,58,7.3
2018,12,27,thursday,9.0,0,10.07,0,2.3,NW,1003.9,54,3.0
2018,12,28,friday,4.8,0,12.00,0,4.6,NW,1008.3,36,0.5
2018,12,29,saturday,4.3,0,10.98,0,3.1,NW,1012.8,35,2.0
2018,12,30,sunday,4.8,0,12.00,0,3.9,NNW,1019.7,37,0.3
2018,12,31,monday,4.9,0,11.40,0,2.8,NW,1025.1,44,4.0
